TenSP,MaSP,GiaTien,MoTaNgan,CongSuatLoc,LoaiMay,CongNgheLoc,DungTichBinh,NhietDoNong,NhietDoLanh,NamRaMat,NoiSanXuat,SoLoiLoc,KichThuoc,KhoiLuong,ThoiGianBaoHanh,LoaiNguonNuoc,TinhNang,ThongSo,ImageUrls,MaDM,SoLuongTon,TrangThaiHienThi
Cây nước nóng lạnh MUTOSI MD-450BK,SP_c-y-n-c-n-ng-l-nh-mutosi-md-450bk,9650000,"Làm lạnh sâu, giữ lạnh lâu với block Danfu siêu bền, nhiệt độ làm lạnh: 6ºC – 10ºC Làm nóng nhanh nhiệt độ: 85ºC – 95º Khóa vòi nóng an toàn cho trẻ nhỏ Vận hành thông minh: cảnh báo không đóng cửa tủ, cảnh báo khi nước bơm 12 phút ko đầy bình, không hoạt động phần nóng khi hết nước trong bầu chứa. Kích thước gọn gàng, tiết kiệm không gian Khuyến mãi (Giá và khuyến mãi) Bảo hành tại nhà Miễn phí đổi trả trong vòng 7 ngày nếu phát sinh lỗi từ hãng Miễn phí vận chuyển và lắp đặt tại nhà Giao hàng nhanh từ 24-48 giờ",,,,,,,,,,,,,,,,"['https://locnuocthongminh.com/wp-content/uploads/2023/01/450-714x714-3_1647243174.png', 'https://locnuocthongminh.com/wp-content/uploads/2023/01/450-714x714-4_1647243177.png', 'https://locnuocthongminh.com/wp-content/uploads/2023/01/450-714x714-2_1647243170.png']",DM_ch-m-s-c-n-c,,Hiển thị
Cây nước nóng lạnh MUTOSI MD-450RO,SP_c-y-n-c-n-ng-l-nh-mutosi-md-450ro,9650000,"Thiết kế tinh tế, sang trọng Khóa vòi nóng an toàn cho trẻ nhỏ Làm lạnh sâu, giữ lạnh lâu với block Danfu siêu bền, nhiệt độ làm lạnh: 6ºC – 10ºC Làm nóng nhanh nhiệt độ: 85ºC – 95ºC Vận hành thông minh: cảnh báo không đóng cửa tủ, cảnh báo khi nước bơm 12 phút ko đầy bình, không hoạt động phần nóng khi hết nước trong bầu chứa. Hệ thống lọc RO 8 cấp lõi đấu nhanh sử dụng màng lọc CSM từ Hãng Toray – Nhật Bản mang lại nguồn nước sau lọc đạt chuẩn Quốc gia nước uống trực tiếp Khuyến mãi (Giá và khuyến mãi) Bảo hành tại nhà Miễn phí đổi trả trong vòng 7 ngày nếu phát sinh lỗi từ hãng Miễn phí vận chuyển và lắp đặt tại nhà Giao hàng nhanh từ 24-48 giờ",,,,,,,,Mutosi Việt Nam,,280x410x1140 mm,,"36 tháng với Block siêu bền, 24 Tháng với các linh kiện điện",,,,['https://locnuocthongminh.com/wp-content/uploads/2023/01/cay-nuoc-nong-lanh-tich-hop-ro-mutosi-md450-2-714-2_1612155765.png'],DM_ch-m-s-c-n-c,,Hiển thị
Cây nước nóng lạnh MUTOSI MD-450RO-BK,SP_c-y-n-c-n-ng-l-nh-mutosi-md-450ro-bk,9650000,"Tích hợp công nghệ lọc nước RO Hệ thống lọc RO 8 cấp, nước sau lọc đạt chuẩn Quốc gia nước uống trực tiếp Làm lạnh sâu, giữ lạnh lâu với block Danfu siêu bền, nhiệt độ làm lạnh: 6ºC – 10ºC Làm nóng nhanh nhiệt độ: 85ºC – 95ºC Khuyến mãi (Giá và khuyến mãi) Bảo hành tại nhà Miễn phí đổi trả trong vòng 7 ngày nếu phát sinh lỗi từ hãng Miễn phí vận chuyển và lắp đặt tại nhà Giao hàng nhanh từ 24-48 giờ",10 L/H,,RO,,,,,"Việt Nam, Trung Quốc",,(RxSxC) 280x410x1140 mm,,"36 tháng với Block, 24 tháng cho linh kiện điện",,,,"['https://locnuocthongminh.com/wp-content/uploads/2023/01/450-714x714-3_1647243064.png', 'https://locnuocthongminh.com/wp-content/uploads/2023/01/450r-714x714_1647243058.png', 'https://locnuocthongminh.com/wp-content/uploads/2023/01/450-714x714-4_1647243067.png']",DM_ch-m-s-c-n-c,,Hiển thị
Cây nước nóng lạnh Mutosi MD-450ROQ (Office),SP_c-y-n-c-n-ng-l-nh-mutosi-md-450roq-office,9650000,"Tích hợp công nghệ lọc nước RO Hệ thống lọc RO 8 cấp, sử dụng màng lọc RO Mutosi Công nghệ Slitec, mang lại nguồn nước sau lọc đạt chuẩn Quốc gia nước uống trực tiếp Làm lạnh sâu, giữ lạnh lâu với block Danfu siêu bền, nhiệt độ làm lạnh: 6ºC – 10ºC Làm nóng nhanh nhiệt độ: 85ºC – 95ºC Khóa vòi nóng an toàn cho trẻ nhỏ Cảnh báo tiện lợi: cảnh báo cửa tủ mở, cảnh báo khi nước bơm ko đầy bình, khi bầu nóng không có nước Khuyến mãi (Giá và khuyến mãi) Bảo hành tại nhà Miễn phí đổi trả trong vòng 7 ngày nếu phát sinh lỗi từ hãng Miễn phí vận chuyển và lắp đặt tại nhà Giao hàng nhanh từ 24-48 giờ",,,,,,,,,,,,,,,,"['https://locnuocthongminh.com/wp-content/uploads/2023/01/cay-nuoc-nong-lanh-tich-hop-ro-mutosi-md450-1-714_1608708111.png', 'https://locnuocthongminh.com/wp-content/uploads/2023/01/cay-nuoc-nong-lanh-tich-hop-ro-mutosi-md450-2-714_1608708111.png', 'https://locnuocthongminh.com/wp-content/uploads/2023/01/cay-nuoc-nong-lanh-tich-hop-ro-mutosi-md450-3714_1608708111.png', 'https://locnuocthongminh.com/wp-content/uploads/2023/01/cay-nuoc-nong-lanh-tich-hop-ro-mutosi-md450-4714_1609305158.png', 'https://locnuocthongminh.com/wp-content/uploads/2023/01/cay-nuoc-nong-lanh-tich-hop-ro-mutosi-md450-5714_1608708119.png', 'https://locnuocthongminh.com/wp-content/uploads/2023/01/cay-nuoc-nong-lanh-tich-hop-ro-mutosi-md450-6714_1608708119.png', 'https://locnuocthongminh.com/wp-content/uploads/2023/01/cay-nuoc-nong-lanh-tich-hop-ro-mutosi-md450-7714_1608708119.png', 'https://locnuocthongminh.com/wp-content/uploads/2023/01/cay-nuoc-nong-lanh-tich-hop-ro-mutosi-md450-8714_1609305205.png']",DM_ch-m-s-c-n-c,,Hiển thị
Máy lọc nước 9 cấp Mutosi MP-291M,SP_m-y-l-c-n-c-9-c-p-mutosi-mp-291m,9650000,"Thiết kế âm tủ tiết kiệm diện tích 9 cấp lọc ưu việt, tích hợp lõi Hydrogen làm kiềm nước Màng RO Mutosi chứng nhận bởi tổ chức quốc tế NSF Tỉ lệ thu hồi nước tinh khiết 50:50 Khuyến mãi (Giá và khuyến mãi) Bảo hành tại nhà Miễn phí đổi trả trong vòng 7 ngày nếu phát sinh lỗi từ hãng Miễn phí vận chuyển và lắp đặt tại nhà Giao hàng nhanh từ 24-48 giờ",,,RO,,,,,Vietnam (Việt Nam),,,,36 tháng (03 năm),,,,"['https://locnuocthongminh.com/wp-content/uploads/2023/01/may-loc-nuoc-mutosi-9_1621072885.png', 'https://locnuocthongminh.com/wp-content/uploads/2023/01/may-loc-nuoc-mutosi-8_1621072885.png']",DM_ch-m-s-c-n-c,,Hiển thị
Máy lọc nước bán công nghiệp MUTOSI 30L/h MP-30,SP_m-y-l-c-n-c-b-n-c-ng-nghi-p-mutosi-30l-h-mp-30,9650000,"Công suất lọc lớn 30 L/h đáp ứng nhu cầu sử dụng các văn phòng, tòa nhà 6 Cấp lọc (Lõi PP5, Lõi UDF, Lõi CTO, 2 Màng RO, Lõi T33) Sử dụng 2 màng RO MUTOSI 100 GPD Hệ thống khung thép vững chắc, dễ dàng lắp đặt Bình áp chứa nước lớn 11G đáp ứng nhu cầu dự trữ và sử dụng liên tục Bảo hành tại nhà Miễn phí đổi trả trong vòng 7 ngày nếu phát sinh lỗi từ hãng Miễn phí vận chuyển và lắp đặt tại nhà Giao hàng nhanh từ 24-48 giờ",,,,,,,,,,,,,,,,"['https://locnuocthongminh.com/wp-content/uploads/2023/01/may-loc-nuoc-ban-cong-nghiep-mutosi-30l-3_1612253692.png', 'https://locnuocthongminh.com/wp-content/uploads/2023/01/30l-4_1593853000.png', 'https://locnuocthongminh.com/wp-content/uploads/2023/01/may-loc-nuoc-ban-cong-nghiep-mutosi-30l-1_1612253686.png', 'https://locnuocthongminh.com/wp-content/uploads/2023/01/may-loc-nuoc-ban-cong-nghiep-mutosi-30l-2_1612253692.png']",DM_ch-m-s-c-n-c,,Hiển thị
Máy lọc nước bán công nghiệp MUTOSI 50L/h,SP_m-y-l-c-n-c-b-n-c-ng-nghi-p-mutosi-50l-h,9650000,"Công suất lọc lớn 50 L/h đáp ứng nhu cầu sử dụng các văn phòng, tòa nhà Sử dụng 3 màng RO MUTOSI 100 GPD 7 Cấp lọc (Lõi PP5, Lõi UDF, Lõi CTO, 3 Màng RO, Lõi T33) Hệ thống khung thép vững chắc, dễ dàng lắp đặt Bình áp chứa nước lớn 11G đáp ứng nhu cầu dự trữ và sử dụng liên tục Bảo hành tại nhà Miễn phí đổi trả trong vòng 7 ngày nếu phát sinh lỗi từ hãng Miễn phí vận chuyển và lắp đặt tại nhà Giao hàng nhanh từ 24-48 giờ",50 L/H,RO thường,,,,,,Việt Nam,,440x270x880 cm,,36 tháng,Nước máy,,,"['https://locnuocthongminh.com/wp-content/uploads/2023/01/may-loc-nuoc-ban-cong-nghiep-mutosi-50l-3_1612254847.png', 'https://locnuocthongminh.com/wp-content/uploads/2023/01/may-loc-nuoc-ban-cong-nghiep-mutosi-50l-2_1612254839.png', 'https://locnuocthongminh.com/wp-content/uploads/2023/01/may-loc-nuoc-ban-cong-nghiep-mutosi-50l-1_1612254847.png', 'https://locnuocthongminh.com/wp-content/uploads/2023/01/50l-1_1593853831.png']",DM_ch-m-s-c-n-c,,Hiển thị
Máy lọc nước bán công nghiệp MUTOSI 80L/h MP-80,SP_m-y-l-c-n-c-b-n-c-ng-nghi-p-mutosi-80l-h-mp-80,9650000,"Công suất lọc lớn 80 L/h đáp ứng nhu cầu sử dụng các văn phòng, tòa nhà Sử dụng 5 màng RO MUTOSI 100 GPD 9 Cấp lọc (Lõi PP5, Lõi UDF, Lõi CTO, 5 Màng RO, Lõi T33) Hệ thống khung thép vững chắc, dễ dàng lắp đặt Bình áp chứa nước lớn 11G đáp ứng nhu cầu dự trữ và sử dụng liên tục Bảo hành tại nhà Miễn phí đổi trả trong vòng 7 ngày nếu phát sinh lỗi từ hãng Miễn phí vận chuyển và lắp đặt tại nhà Giao hàng nhanh từ 24-48 giờ",,,,,,,,,,,,,,,,"['https://locnuocthongminh.com/wp-content/uploads/2023/01/bcn-80-1_1612327328.png', 'https://locnuocthongminh.com/wp-content/uploads/2023/01/bcn-80-2_1612327338.png', 'https://locnuocthongminh.com/wp-content/uploads/2023/01/bcn-80-3_1612327338.png', 'https://locnuocthongminh.com/wp-content/uploads/2023/01/loi-20-in-so-3_1595326910.png', 'https://locnuocthongminh.com/wp-content/uploads/2023/01/loi-20-in_1595326910.png']",DM_ch-m-s-c-n-c,,Hiển thị
Máy lọc nước để gầm Tủ bếp 7 lõi MP-371U,SP_m-y-l-c-n-c-g-m-t-b-p-7-l-i-mp-371u,9650000,"Kiểu dáng để gầm nhỏ gọn, bề ngang chỉ 17.5 cm Hệ thống lọc 7 cấp Công suất lọc lớn 20 L/h Thân tủ kín bảo vệ hệ thống lọc trong mọi điều kiện môi trường Khuyến mãi (Giá và khuyến mãi) Bảo hành tại nhà Miễn phí đổi trả trong vòng 7 ngày nếu phát sinh lỗi từ hãng Miễn phí vận chuyển và lắp đặt tại nhà Giao hàng nhanh từ 24-48 giờ",20 L/H,,,,,,,Việt Nam,,17.5x43x36cm,22 Kg,36 tháng,Nước máy,,,"['https://locnuocthongminh.com/wp-content/uploads/2023/01/mp-371_2_1647405256.png', 'https://locnuocthongminh.com/wp-content/uploads/2023/01/mp-371_3_1647405256.png', 'https://locnuocthongminh.com/wp-content/uploads/2023/01/371u_2_1647405635.png']",DM_ch-m-s-c-n-c,,Hiển thị
Máy lọc nước để gầm Tủ bếp 9 lõi MP-390,SP_m-y-l-c-n-c-g-m-t-b-p-9-l-i-mp-390,9650000,"Kiểu dáng để gầm nhỏ gọn, bề ngang chỉ 17.5 cm Hệ thống lọc 9 cấp Tích hợp lõi ORP Hydrogen làm kiềm nước Công suất lọc lớn 20 L/h Thân tủ kín bảo vệ hệ thống lọc, các linh kiện bên trong phù hợp với cả môi trường ẩm thấp Khuyến mãi (Giá và khuyến mãi) Bảo hành tại nhà Miễn phí đổi trả trong vòng 7 ngày nếu phát sinh lỗi từ hãng Miễn phí vận chuyển và lắp đặt tại nhà Giao hàng nhanh từ 24-48 giờ",20 L/H,,,,,,,Việt Nam,,17.5x43x36cm,22 Kg,36 tháng,Nước máy,,,"['https://locnuocthongminh.com/wp-content/uploads/2023/01/mp390_chinh-dien.png', 'https://locnuocthongminh.com/wp-content/uploads/2023/01/390_4.png', 'https://locnuocthongminh.com/wp-content/uploads/2023/01/390_2.png', 'https://locnuocthongminh.com/wp-content/uploads/2023/01/z2126900635712_d5e11cf8ba69d1155f5c010fb2ca31de.jpg']",DM_ch-m-s-c-n-c,,Hiển thị
Máy lọc nước MP291-KT,SP_m-y-l-c-n-c-mp291-kt,9650000,"Thiết kế âm tủ tiết kiệm diện tích 9 cấp lọc ưu việt, tích hợp lõi Hydrogen làm kiềm nước Màng RO Mutosi chứng nhận bởi tổ chức quốc tế NSF Tỉ lệ thu hồi nước tinh khiết 50:50 Khuyến mãi (Giá và khuyến mãi) Bảo hành tại nhà Miễn phí đổi trả trong vòng 7 ngày nếu phát sinh lỗi từ hãng Miễn phí vận chuyển và lắp đặt tại nhà Giao hàng nhanh từ 24-48 giờ",15 L/H,RO thường,,,,,,Việt Nam,,(RSC): (362147) cm,16.5 kg,36 tháng,Nước máy,,,"['https://locnuocthongminh.com/wp-content/uploads/2023/01/may-loc-nuoc-khong-tu-9-loi-mp-291_1616052908.png', 'https://locnuocthongminh.com/wp-content/uploads/2023/01/may-loc-nuoc-khong-tu-9-loi-mp-291-4_1616052898.png', 'https://locnuocthongminh.com/wp-content/uploads/2023/01/may-loc-nuoc-khong-tu-9-loi-mp-291-2_1616052904.png']",DM_ch-m-s-c-n-c,,Hiển thị
Máy lọc nước Mutosi 10 lõi MP-2100S,SP_m-y-l-c-n-c-mutosi-10-l-i-mp-2100s,9650000,"10 cấp lọc ưu việt, màng RO Mutosi chứng nhận bởi tổ chức quốc tế NSF Lõi Hydrogen làm kiềm nước Công suất lọc 20L/h Tủ đứng nhỏ gọn với bề ngang chỉ 32cm Khuyến mãi (Giá và khuyến mãi) Bảo hành tại nhà Miễn phí đổi trả trong vòng 7 ngày nếu phát sinh lỗi từ hãng Miễn phí vận chuyển và lắp đặt tại nhà Giao hàng nhanh từ 24-48 giờ",20 L/H,RO thường,,,,,,Việt Nam,,R320 x D400 x C998 mm,27.5 kg,36 tháng,Nước máy,,,"['https://locnuocthongminh.com/wp-content/uploads/2023/01/may-loc-nuoc-mutosi-10_1621072809.png', 'https://locnuocthongminh.com/wp-content/uploads/2023/01/may-loc-nuoc-mutosi-18_1621072809.png']",DM_ch-m-s-c-n-c,,Hiển thị
Máy lọc nước MUTOSI 10 lõi MP-2100S-NC,SP_m-y-l-c-n-c-mutosi-10-l-i-mp-2100s-nc,9650000,"Chuyên biệt cho nguồn nước cứng 10 cấp lọc ưu việt, màng RO Mutosi chứng nhận bởi tổ chức quốc tế NSF Lõi Hydrogen làm kiềm nước Công suất lọc 20L/h Tủ đứng nhỏ gọn với bề ngang chỉ 32cm Khuyến mãi (Giá và khuyến mãi) Bảo hành tại nhà Miễn phí đổi trả trong vòng 7 ngày nếu phát sinh lỗi từ hãng Miễn phí vận chuyển và lắp đặt tại nhà Giao hàng nhanh từ 24-48 giờ",20 L/H,RO thường,,,,,,Việt Nam,,R320 x D400 x C998 mm,27.5 kg,36 tháng,Nước cứng,,,"['https://locnuocthongminh.com/wp-content/uploads/2023/01/may-loc-nuoc-mutosi-18_1621072563-1.png', 'https://locnuocthongminh.com/wp-content/uploads/2023/01/may-loc-nuoc-mutosi-10_1621072600.png']",DM_m-y-l-c-n-c,,Hiển thị
Máy lọc nước Mutosi 9 lõi MP-290S,SP_m-y-l-c-n-c-mutosi-9-l-i-mp-290s,9650000,"Công suất lọc mạnh mẽ 20L/h. 9 cấp lọc, màng RO Mutosi công nghệ Slitec, đạt chứng nhận bởi tổ chức quốc tế NSF Lõi Ankaline Hydrogen giúp bổ sung điện giải, tạo nước kiềm tính Khuyến mãi (Giá và khuyến mãi) Bảo hành tại nhà Miễn phí đổi trả trong vòng 7 ngày nếu phát sinh lỗi từ hãng Miễn phí vận chuyển và lắp đặt tại nhà Giao hàng nhanh từ 24-48 giờ",,,,,,,,,,,,,,,,"['https://locnuocthongminh.com/wp-content/uploads/2023/01/mp-290s-chinh-dien-web_1647413514.png', 'https://locnuocthongminh.com/wp-content/uploads/2023/01/mp-290s-nghieng-phai-web_1647413514.png', 'https://locnuocthongminh.com/wp-content/uploads/2023/01/mp-290s-nghieng-trai-do-bong-web_1647413514.png']",DM_m-y-l-c-n-c,,Hiển thị
Máy Lọc Nước Mutosi 9 Lõi MP592H-BK,SP_m-y-l-c-n-c-mutosi-9-l-i-mp592h-bk,9650000,"Thiết kế tủ đứng nhỏ gọn, chi tiết tối giản sang trọng 1 vòi 2 chức năng: Nóng – Nguội tiện lợi Tốc độ làm nóng nhanh, nhiệt độ nóng tùy chỉnh từ 45°C ~ 95°C Công tắc nóng riêng biệt, chủ động sử dụng theo nhu cầu, tiết kiệm điện năng Hệ thống cút nối thay nhanh dễ dàng thay thế và lắp đặt Hệ thống lọc 9 cấp mạnh mẽ Khuyến mãi (Giá và khuyến mãi) Bảo hành tại nhà Miễn phí đổi trả trong vòng 7 ngày nếu phát sinh lỗi từ hãng Miễn phí vận chuyển và lắp đặt tại nhà Giao hàng nhanh từ 24-48 giờ",10 L/H,RO & Nóng,,,,,,Việt Nam,,R320 x D400 x C998 mm,28kg,36 tháng,Nước máy,,,"['https://locnuocthongminh.com/wp-content/uploads/2023/01/592h_bk-2_1647332785.png', 'https://locnuocthongminh.com/wp-content/uploads/2023/01/592h_bk-1_1647332785.png', 'https://locnuocthongminh.com/wp-content/uploads/2023/01/592h_bk_1647332785.png', 'https://locnuocthongminh.com/wp-content/uploads/2023/01/3-1.jpg']",DM_m-y-l-c-n-c,,Hiển thị
Máy lọc nước MUTOSI MP-291-NC,SP_m-y-l-c-n-c-mutosi-mp-291-nc,9650000,"Chuyên biệt cho nguồn nước cứng 9 cấp lọc ưu việt, tích hợp lõi Hydrogen làm kiềm nước Màng RO Mutosi chứng nhận bởi tổ chức quốc tế NSF Tỉ lệ thu hồi nước tinh khiết 50:50 Khuyến mãi (Giá và khuyến mãi) Bảo hành tại nhà Miễn phí đổi trả trong vòng 7 ngày nếu phát sinh lỗi từ hãng Miễn phí vận chuyển và lắp đặt tại nhà Giao hàng nhanh từ 24-48 giờ",15 L/H,RO thường,,,,,,Việt Nam,,R420 x D330 x C950 mm,16.5 kg,36 tháng,Nước cứng,,,"['https://locnuocthongminh.com/wp-content/uploads/2023/01/may-loc-nuoc-mutosi-9_1621072885.png', 'https://locnuocthongminh.com/wp-content/uploads/2023/01/may-loc-nuoc-mutosi-8_1621072885.png']",DM_m-y-l-c-n-c,,Hiển thị
MÁY LỌC NƯỚC MUTOSI MP-7100M,SP_m-y-l-c-n-c-mutosi-mp-7100m,9650000,Số lõi lọc : 10lõi Công suất lọc : 20 lít/giờ Màng lọc : Màng RO Mutosi Slitec 100GPD Bình chứa : 8.5 lít Tỷ lệ thu hồi nước tinh khiết : 50/50 Khuyến mãi (Giá và khuyến mãi) Bảo hành tại nhà Miễn phí đổi trả trong vòng 7 ngày nếu phát sinh lỗi từ hãng Miễn phí vận chuyển và lắp đặt tại nhà Giao hàng nhanh từ 24-48 giờ,,,,,,,,,,,,,,,,"['https://locnuocthongminh.com/wp-content/uploads/2023/01/mp-281_1631613077-1.png', 'https://locnuocthongminh.com/wp-content/uploads/2023/01/may-loc-nuoc-mutosi-8_1631613084.png', 'https://locnuocthongminh.com/wp-content/uploads/2023/01/may-loc-nuoc-mutosi-9_1631613084.png']",DM_m-y-l-c-n-c,,Hiển thị
Máy lọc nước Mutosi TrueSmart MP-TS100,SP_m-y-l-c-n-c-mutosi-truesmart-mp-ts100,9650000,"Cảnh báo thay lõi theo điều kiện sử dụng thực tế Chẩn đoán và thông báo kịp thời tình trạng hoạt động của toàn bộ máy Điều khiển dễ dàng với hệ thống mạch cảm ứng thông minh Công nghệ Enrolas – Đột phá về tuổi thọ màng 10 cấp lọc tiên tiến, lõi lọc ORP Hydrogen trung hòa axit dư, cho nguồn nước có lợi cho sức khỏe Khuyến mãi (Giá và khuyến mãi) Bảo hành tại nhà Miễn phí đổi trả trong vòng 7 ngày nếu phát sinh lỗi từ hãng Miễn phí vận chuyển và lắp đặt tại nhà Giao hàng nhanh từ 24-48 giờ",,,,,,,,,,,,,,,,"['https://locnuocthongminh.com/wp-content/uploads/2023/01/3_1647249780-1.png', 'https://locnuocthongminh.com/wp-content/uploads/2023/01/2_1647249780.png', 'https://locnuocthongminh.com/wp-content/uploads/2023/01/4_1647249780.png', 'https://locnuocthongminh.com/wp-content/uploads/2023/01/1_1647249780.png']",DM_m-y-l-c-n-c,,Hiển thị
Máy Lọc Nước Nóng Lạnh Nguội 10 lõi MP-C102-MHC,SP_m-y-l-c-n-c-n-ng-l-nh-ngu-i-10-l-i-mp-c102-mhc,9650000,3 chức năng Nóng Lạnh Nguội Công nghệ DUAL Chip làm lạnh sâu 10 cấp lọc ưu việt tích hợp lõi ORP Hydrogen Màng lọc RO công nghệ Slitec đạt chứng nhận quốc tế NSF/ANSI 58 Dung tích bình chứa nước Nóng/Lạnh lớn Khuyến mãi (Giá và khuyến mãi) Bảo hành tại nhà Miễn phí đổi trả trong vòng 7 ngày nếu phát sinh lỗi từ hãng Miễn phí vận chuyển và lắp đặt tại nhà Giao hàng nhanh từ 24-48 giờ,,,,,,,,,,,,,,,,"['https://locnuocthongminh.com/wp-content/uploads/2023/01/c102_3_1647330488-1.png', 'https://locnuocthongminh.com/wp-content/uploads/2023/01/may-loc-nuoc-mutosi-9_1621072885.png', 'https://locnuocthongminh.com/wp-content/uploads/2023/01/may-loc-nuoc-mutosi-8_1621072885.png', 'https://locnuocthongminh.com/wp-content/uploads/2023/01/may-loc-nuoc-nong-lanh-mutosi-mpc102mhc-3_1624624567-1.png', 'https://locnuocthongminh.com/wp-content/uploads/2023/01/may-loc-nuoc-nong-lanh-mutosi-mpc102mhc-4_1624624567-1.png']",DM_m-y-l-c-n-c,,Hiển thị
Máy sưởi điều hòa Ceramic Mutosi MCH-2000E,SP_m-y-s-i-i-u-h-a-ceramic-mutosi-mch-2000e,9650000,"Công nghệ sưởi gốm Ceramic Màn hình LED hiện đại Công suất 2000W Tích hợp nhiều chế độ tiện ích: Chức năng đảo chiều gió, hẹn giờ tới 24 tiếng, điều khiển từ xa Bảo vệ toàn diện: Chống nước, tự động ngắt khi quá nhiệt Khuyến mãi (Giá và khuyến mãi) Bảo hành tại nhà Miễn phí đổi trả trong vòng 7 ngày nếu phát sinh lỗi từ hãng Miễn phí vận chuyển và lắp đặt tại nhà Giao hàng nhanh từ 24-48 giờ",2000W,,,,,,,,,54.2×12.3×18.7cm,,12 tháng,,,,['https://locnuocthongminh.com/wp-content/uploads/2023/01/MCH-2000E.png'],DM_linh-ki-n-l-c-n-c,,Hiển thị
Máy hút mùi kính cong Mutosi MH-33B-70C,SP_ma-y-hu-t-mu-i-ki-nh-cong-mutosi-mh-33b-70c,9650000,Máy có thiết kế dạng kính cong Lưới lọc làm bằng inox cao cấp Thân máy làm bằng inox siêu bền Khay lưới lọc được làm bằng inox Máy hút mùi có đèn LED siêu sáng Máy có nút nhấn điều khiển cực nhạy Công suất mạnh mẽ với 3 tốc độ Độ ồn giảm xuống đến dưới 69 dB Khuyến mãi (Giá và khuyến mãi) Bảo hành tại nhà Miễn phí đổi trả trong vòng 7 ngày nếu phát sinh lỗi từ hãng Miễn phí vận chuyển và lắp đặt tại nhà Giao hàng nhanh từ 24-48 giờ,,,,,,,,China (Trung Quốc),,,,24 tháng (02 năm),,,,['https://locnuocthongminh.com/wp-content/uploads/2023/01/26_1621493991.png'],DM_linh-ki-n-l-c-n-c,,Hiển thị
,SP_e7937657,9650000,Ép chậm – Thưởng trọn Công nghệ ép chậm thông minh Ống tiếp nguyên liệu cực lớn 2 chế độ ép xuôi và đảo ngược Vật liệu an toàn Bảo vệ an toàn kép Khuyến mãi (Giá và khuyến mãi) Bảo hành tại nhà Miễn phí đổi trả trong vòng 7 ngày nếu phát sinh lỗi từ hãng Miễn phí vận chuyển và lắp đặt tại nhà Giao hàng nhanh từ 24-48 giờ,,Máy ép chậm,,1.4L,,,,Trung Quốc,,,,12 tháng,,,,"['https://locnuocthongminh.com/wp-content/uploads/2023/01/may-ep-cham-mj86_1623060330.png', 'https://locnuocthongminh.com/wp-content/uploads/2023/01/mj-86r.png']",DM_linh-ki-n-l-c-n-c,,Hiển thị
Máy Lọc Nước RO bán công nghiệp Mutosi MP-50HIC 50 L/H,SP_m-y-l-c-n-c-ro-b-n-c-ng-nghi-p-mutosi-mp-50hic-50-l-h,9650000,"Thiết kế 3 vòi lấy nước riêng biệt: Nóng – Lạnh – Nguội tiện lợi. Công nghệ nóng nhanh tức thì tới 99 oC, lượng nước nóng không giới hạn, tiết kiệm thời gian chờ đợi. Điều chỉnh 3 mức nhiệt độ nước lý tưởng: 25, 45, 99 độ C. Tùy chọn lượng nước nóng: 300, 600, 1000 ml, nước ấm, pha sữa, pha trà, cafe,… Tiết kiệm điện năng so với công nghệ làm nóng thông thường. Màn hình cảm ứng hiện đại, tính năng khóa vòi nóng an toàn cho trẻ nhỏ. Công suất lọc lớn 50 L/h,  đáp ứng nhu cầu sử dụng cao tại các văn phòng, tòa nhà, bệnh viện, trường học,… Sử dụng 3 màng RO Mutosi – Công nghệ Slitec tiên tiến, đạt tiêu chuẩn NSF/ANSI58 – Tiêu chuẩn toàn cầu về màng lọc RO Bình áp chứa nước lớn 11G đáp ứng nhu cầu dự trữ và sử dụng nhiều liên tục. Bảo hành tại nhà Miễn phí đổi trả trong vòng 7 ngày nếu phát sinh lỗi từ hãng Miễn phí vận chuyển và lắp đặt tại nhà Giao hàng nhanh từ 24-48 giờ",50 L/H,RO có Nóng – Lạnh,,,,,,Việt Nam,,970x470x1250 mm (cả tủ),90 kg,36 tháng,Nước máy,,,"['https://locnuocthongminh.com/wp-content/uploads/2023/01/may-loc-nuoc-ban-cong-nghiep-mutosi-50l_1641450261.png', 'https://locnuocthongminh.com/wp-content/uploads/2023/01/may-loc-nuoc-ban-cong-nghiep-mutosi-50l-2_1641450255.png', 'https://locnuocthongminh.com/wp-content/uploads/2023/01/may-loc-nuoc-ban-cong-nghiep-mutosi-50l-3_1641450272.png']",DM_m-y-l-c-n-c-b-n-c-ng-nghi-p,,Hiển thị
,SP_e8a1fe67,9650000,Ép chậm – Thưởng trọn Công nghệ ép chậm thông minh Ống tiếp nguyên liệu cực lớn 2 chế độ ép xuôi và đảo ngược Vật liệu an toàn Bảo vệ an toàn kép Khuyến mãi (Giá và khuyến mãi) Bảo hành tại nhà Miễn phí đổi trả trong vòng 7 ngày nếu phát sinh lỗi từ hãng Miễn phí vận chuyển và lắp đặt tại nhà Giao hàng nhanh từ 24-48 giờ,,Máy ép chậm,,1.4L,,,,Trung Quốc,,,,12 tháng,,,,"['https://locnuocthongminh.com/wp-content/uploads/2023/01/may-ep-cham-mj86_1623060330.png', 'https://locnuocthongminh.com/wp-content/uploads/2023/01/mj-86r.png']",DM_m-y-l-c-n-c-hidrogen,,Hiển thị
,SP_5fef5c95,9650000,Ép chậm – Thưởng trọn Công nghệ ép chậm thông minh Ống tiếp nguyên liệu cực lớn 2 chế độ ép xuôi và đảo ngược Vật liệu an toàn Bảo vệ an toàn kép Khuyến mãi (Giá và khuyến mãi) Bảo hành tại nhà Miễn phí đổi trả trong vòng 7 ngày nếu phát sinh lỗi từ hãng Miễn phí vận chuyển và lắp đặt tại nhà Giao hàng nhanh từ 24-48 giờ,,Máy ép chậm,,1.4L,,,,Trung Quốc,,,,12 tháng,,,,"['https://locnuocthongminh.com/wp-content/uploads/2023/01/may-ep-cham-mj86_1623060330.png', 'https://locnuocthongminh.com/wp-content/uploads/2023/01/mj-86r.png']",DM_ch-m-s-c-b-p,,Hiển thị
Ấm đun siêu tốc Mutosi MK-18,SP_m-un-si-u-t-c-mutosi-mk-18,9650000,"Công suất lớn, đun sôi nước nhanh chóng Thân ấm 2 lớp chịu nhiệt tốt Cảm biến thông minh, an toàn Vật liệu cao cấp, an toàn cho sức khỏe Khuyến mãi (Giá và khuyến mãi) Bảo hành tại nhà Miễn phí đổi trả trong vòng 7 ngày nếu phát sinh lỗi từ hãng Miễn phí vận chuyển và lắp đặt tại nhà Giao hàng nhanh từ 24-48 giờ",1500 W,,,,,,,Trung Quốc,,,1.1 kg,24 tháng,,,,"['https://locnuocthongminh.com/wp-content/uploads/2023/01/13_1621494904.png', 'https://locnuocthongminh.com/wp-content/uploads/2023/01/14_1621494390.png']",DM_ch-m-s-c-b-p,,Hiển thị
Ấm siêu tốc Mutosi MK-16,SP_m-si-u-t-c-mutosi-mk-16,9650000,"Công suất lớn, đun sôi nước nhanh chóng Thân ấm thủy tinh chịu nhiệt tốt Cảm biến thông minh, an toàn Vật liệu cao cấp, an toàn cho sức khỏe Đèn LED hiển thị Khuyến mãi (Giá và khuyến mãi) Bảo hành tại nhà Miễn phí đổi trả trong vòng 7 ngày nếu phát sinh lỗi từ hãng Miễn phí vận chuyển và lắp đặt tại nhà Giao hàng nhanh từ 24-48 giờ",,,,,,,,,,,,,,,,"['https://locnuocthongminh.com/wp-content/uploads/2023/01/12_1621494936.png', 'https://locnuocthongminh.com/wp-content/uploads/2023/01/11_1621494364.png']",DM_ch-m-s-c-b-p,,Hiển thị
Bếp điện từ đôi MI-95D,SP_b-p-i-n-t-i-mi-95d,9650000,"Mặt kính chịu lực chịu nhiệt, Mâm từ Siemens IGBT Điều khiển cảm ứng dạng thanh trượt, hiển thị đèn LED Bảo vệ quá nhiệt, bảo vệ khi điện thế quá cao hoặc thấp Chức năng: Khóa trẻ em, Hẹn giờ, Nấu nhanh Booster, Giữ ấm Bảng điều khiển chống tràn nước Khuyến mãi (Giá và khuyến mãi) Bảo hành tại nhà Miễn phí đổi trả trong vòng 7 ngày nếu phát sinh lỗi từ hãng Miễn phí vận chuyển và lắp đặt tại nhà Giao hàng nhanh từ 24-48 giờ","2000W+2000W, tối đa tổng 4800W",,,,,,,Malaysia,,730x430x75mm,,Bảo hành chính hãng 24 tháng,,,,"['https://locnuocthongminh.com/wp-content/uploads/2023/01/md95_1620973918.png', 'https://locnuocthongminh.com/wp-content/uploads/2023/01/MI-95D-2.jpg', 'https://locnuocthongminh.com/wp-content/uploads/2023/01/MI-95D-1.jpg', 'https://locnuocthongminh.com/wp-content/uploads/2023/01/MI-95D-4.jpg', 'https://locnuocthongminh.com/wp-content/uploads/2023/01/MI-95D-52.jpg', 'https://locnuocthongminh.com/wp-content/uploads/2023/01/MI-95D-72.jpg', 'https://locnuocthongminh.com/wp-content/uploads/2023/01/z2305786366214_54eb575861197a481753422093db3ccd_1611990986.jpg']",DM_ch-m-s-c-b-p,,Hiển thị
Bếp điện từ đơn MI88,SP_b-p-i-n-t-n-mi88,9650000,Nóng nhanh tiết kiệm điện năng Chế độ hẹn giờ thuận tiện lên đến 24 giờ Chế độ bảo vệ khi quá tải Hệ thống điều khiển cảm ứng cực nhạy Công nghệ điều chỉnh nhiệt slide Mâm từ 2 tầng gia nhiệt bền bỉ Khuyến mãi (Giá và khuyến mãi) Bảo hành tại nhà Miễn phí đổi trả trong vòng 7 ngày nếu phát sinh lỗi từ hãng Miễn phí vận chuyển và lắp đặt tại nhà Giao hàng nhanh từ 24-48 giờ,,,,,,,,,,,,12 tháng,,,,"['https://locnuocthongminh.com/wp-content/uploads/2023/01/bep-tu-mutosi-mr58_1587973788-1.png', 'https://locnuocthongminh.com/wp-content/uploads/2023/01/bep-tu-mutosi-mr58_1587973788-2.png', 'https://locnuocthongminh.com/wp-content/uploads/2023/01/bep-tu-mutosi-mr58_1587973788.png']",DM_ch-m-s-c-b-p,,Hiển thị
Bếp ga âm cơ MG-56C,SP_b-p-ga-m-c-mg-56c,9650000,"Pep đồng nguyên khối được dập nóng nén áp lực cao, cho khả năng dãn nở và tuổi thọ cao, bề mặt mịn đẹp Chế hòa khí: Chế Minhong có kết cấu chính xác, an toàn, bền bỉ, cho ngọn lửa cháy đều và xanh Bổ sung lá chắn giữa phần đánh lửa và mặt bếp, cho mồi lửa tập trung và tránh làm nóng bề mặt bếp Mặt kính chịu lực chịu nhiệt Kiềng 5 chân chắc chắn, chắn gió tiết kiệm ga tới 30% Linh kiện chọn lọc dùng vật liệu cao cấp Bảo hành chính hãng 2 năm cho sản phẩm và 5 năm cho bộ Pep Khuyến mãi (Giá và khuyến mãi) Bảo hành tại nhà Miễn phí đổi trả trong vòng 7 ngày nếu phát sinh lỗi từ hãng Miễn phí vận chuyển và lắp đặt tại nhà Giao hàng nhanh từ 24-48 giờ",,,,,,,,,,,,,,,,"['https://locnuocthongminh.com/wp-content/uploads/2023/01/bep-ga-am-mutosi-2_1634528994.png', 'https://locnuocthongminh.com/wp-content/uploads/2023/01/bep-ga-am-mutosi-5_1634529010.png', 'https://locnuocthongminh.com/wp-content/uploads/2023/01/bep-ga-am-mutosi-4_1634529010.png', 'https://locnuocthongminh.com/wp-content/uploads/2023/01/bep-ga-am-mutosi-3_1634529010.png', 'https://locnuocthongminh.com/wp-content/uploads/2023/01/bep-ga-am-mutosi-1_1634529010.png']",DM_ch-m-s-c-b-p,,Hiển thị
Bếp ga âm pin MG 58P,SP_b-p-ga-m-pin-mg-58p,9650000,"Mâm chia lửa bằng đồng có độ giãn nở và tuổi thọ cao; tích hợp đầu hâm giúp đun nấu ở mức nhiệt thấp theo nhu cầu, tiết kiệm gas Chế hòa khí Minhong có kết cấu chính xác, an toàn, bền bỉ Mặt kính dày tới 8mm tăng khả năng chịu lực chịu nhiệt Kiềng 5 chân chắc chắn, chắn gió tiết kiệm ga tới 30% Khuyến mãi (Giá và khuyến mãi) Bảo hành tại nhà Miễn phí đổi trả trong vòng 7 ngày nếu phát sinh lỗi từ hãng Miễn phí vận chuyển và lắp đặt tại nhà Giao hàng nhanh từ 24-48 giờ",,,,,,,,,,,,,,,,"['https://locnuocthongminh.com/wp-content/uploads/2023/01/bep-ga-am-pin-mg58p_1648195440.png', 'https://locnuocthongminh.com/wp-content/uploads/2023/01/Bep-ga-am-pin-Mutosi-MG58P.png']",DM_ch-m-s-c-b-p,,Hiển thị
Bếp ga âm pin MG-68P,SP_b-p-ga-m-pin-mg-68p,9650000,"Thiết kế lắp âm tiết kiệm diện tích, tạo vẻ sang trọng, hiện đại cho căn bếp Hệ thống đánh lửa IC cho tia lửa nhanh, an toàn khi sử dụng Kiềng vuông độc đáo, sơn tĩnh điện, có tấm chắn gió Khuyến mãi (Giá và khuyến mãi) Bảo hành tại nhà Miễn phí đổi trả trong vòng 7 ngày nếu phát sinh lỗi từ hãng Miễn phí vận chuyển và lắp đặt tại nhà Giao hàng nhanh từ 24-48 giờ",,,,,,,,,,750 x 430 x 150 mm,,,,,,['https://locnuocthongminh.com/wp-content/uploads/2023/01/bep-ga-am-mutosi_1626233412.png'],DM_ch-m-s-c-b-p,,Hiển thị
Bếp ga dương MG-36B,SP_b-p-ga-d-ng-mg-36b,9650000,"Thân Bếp: Inox Bộ pep: Đồng phi 82 & phi 100 Họng trộn: Inox 304 phi 82 & phi 100 Chế hòa khí: Chế Minhong có lá chắn lửa mồi Ống dẫn ga: Thép sơn tĩnh điện Kiềng: Thép sơn tĩnh điện có chắn gió, 5 chân Mặt kính chịu lực chịu nhiệt in tráng gương, kích thước 370×695 mm Khuyến mãi (Giá và khuyến mãi) Bảo hành tại nhà Miễn phí đổi trả trong vòng 7 ngày nếu phát sinh lỗi từ hãng Miễn phí vận chuyển và lắp đặt tại nhà Giao hàng nhanh từ 24-48 giờ",,,,,,,,,,,,,,,,"['https://locnuocthongminh.com/wp-content/uploads/2023/01/untitled-14_1606900146-1.png', 'https://locnuocthongminh.com/wp-content/uploads/2023/01/MG-36B-7.jpg']",DM_ch-m-s-c-b-p,,Hiển thị
Bếp ga dương MG-38B,SP_b-p-ga-d-ng-mg-38b,9650000,"Thân Bếp: Thép sơn tĩnh điện Bộ pep: Inox 304 phi 85 & phi 100 Họng trộn: Hợp kim phi 85 & phi 100 Chế hòa khí: Chế Minhong có lá chắn lửa mồi Ống dẫn ga: Thép sơn tĩnh điện Kiềng: Thép sơn tĩnh điện có chắn gió, 5 chân Mặt kính chịu lực chịu nhiệt in tráng gương, kích thước: 386×696 mm Khuyến mãi (Giá và khuyến mãi) Bảo hành tại nhà Miễn phí đổi trả trong vòng 7 ngày nếu phát sinh lỗi từ hãng Miễn phí vận chuyển và lắp đặt tại nhà Giao hàng nhanh từ 24-48 giờ",,,,,,,,Vietnam (Việt Nam),,,,24 tháng (02 năm),,,,"['https://locnuocthongminh.com/wp-content/uploads/2023/01/38b-web_1647415558.png', 'https://locnuocthongminh.com/wp-content/uploads/2023/01/MG-38B-7.jpg']",DM_ch-m-s-c-b-p,,Hiển thị
Bếp Ga dương MG66-M,SP_b-p-ga-d-ng-mg66-m,9650000,"Thân bếp inox phủ nano chống gỉ, dễ lau chùi, bền đẹp với thời gian Pep đồng nguyên khối được dập nóng nén áp lực cao, cho khả năng giãn nở và tuổi thọ cao, bề mặt mịn đẹp Chế hòa khí: Chế Minhong có kết cấu chính xác, an toàn, bền bỉ Bổ sung lá chắn giữa phần đánh lửa và mặt bếp, cho mồi lửa tập trung và tránh làm nóng bề mặt bếp Kiềng 5 chân chắc chắn, chắn gió, tiết kiệm ga tới 30% Bảo hành 24 tháng cho sản phẩm và 5 năm cho bộ Pep Khuyến mãi (Giá và khuyến mãi) Bảo hành tại nhà Miễn phí đổi trả trong vòng 7 ngày nếu phát sinh lỗi từ hãng Miễn phí vận chuyển và lắp đặt tại nhà Giao hàng nhanh từ 24-48 giờ",,,,,,,,,,,,,,,,"['https://locnuocthongminh.com/wp-content/uploads/2023/01/bep-ga-mutosi-mg-66m-1_1638787226.png', 'https://locnuocthongminh.com/wp-content/uploads/2023/01/bep-ga-mutosi-mg-66m-11_1638787238.png', 'https://locnuocthongminh.com/wp-content/uploads/2023/01/bep-ga-mutosi-mg-66m-10_1638787238.png', 'https://locnuocthongminh.com/wp-content/uploads/2023/01/bep-ga-mutosi-mg-66m-7_1638787238.png', 'https://locnuocthongminh.com/wp-content/uploads/2023/01/bep-ga-mutosi-mg-66m-3_1638787238.png', 'https://locnuocthongminh.com/wp-content/uploads/2023/01/bep-ga-mutosi-mg-66m-4_1638787238.png']",DM_ch-m-s-c-b-p,,Hiển thị
Bếp từ đôi Mutosi MI-86D,SP_b-p-t-i-mutosi-mi-86d,9650000,"Công suất mạnh mẽ, IGBT Infineon của Đức Mặt kính Vitro Ceramic Hai vùng nấu độc lập Hẹn giờ linh hoạt Nhiều tính năng an toàn Khuyến mãi (Giá và khuyến mãi) Bảo hành tại nhà Miễn phí đổi trả trong vòng 7 ngày nếu phát sinh lỗi từ hãng Miễn phí vận chuyển và lắp đặt tại nhà Giao hàng nhanh từ 24-48 giờ",,,,,,,,China (Trung Quốc),,,,24 tháng (02 năm),,,,"['https://locnuocthongminh.com/wp-content/uploads/2023/01/bep-tu-mutosi-mi86-1_1639017267.png', 'https://locnuocthongminh.com/wp-content/uploads/2023/01/bep-tu-mutosi-mi86-6_1639017275.png', 'https://locnuocthongminh.com/wp-content/uploads/2023/01/bep-tu-mutosi-mi86-5_1639017275.png', 'https://locnuocthongminh.com/wp-content/uploads/2023/01/bep-tu-mutosi-mi86-4_1639017275.png', 'https://locnuocthongminh.com/wp-content/uploads/2023/01/bep-tu-mutosi-mi86-3_1639017275.png', 'https://locnuocthongminh.com/wp-content/uploads/2023/01/bep-tu-mutosi-mi86-2_1639017275.png']",DM_ch-m-s-c-b-p,,Hiển thị
Bếp từ đôi MUTOSI MI-92D,SP_b-p-t-i-mutosi-mi-92d,9650000,Công nghệ Inverter Mặt kính Kanger Ceramic Công suất mạnh mẽ Hai vùng nấu độc lập Nhiều tính năng an toàn Khuyến mãi (Giá và khuyến mãi) Bảo hành tại nhà Miễn phí đổi trả trong vòng 7 ngày nếu phát sinh lỗi từ hãng Miễn phí vận chuyển và lắp đặt tại nhà Giao hàng nhanh từ 24-48 giờ,,,,,,,,,,,,,,,,"['https://locnuocthongminh.com/wp-content/uploads/2023/01/bep-tu-doi-mutosi-mi-92d_1629459616.png', 'https://locnuocthongminh.com/wp-content/uploads/2023/01/hut-mui-92D-chinh-dien.png']",DM_b-p-t,,Hiển thị
Bếp từ đôi MUTOSI MI-98DEU,SP_b-p-t-i-mutosi-mi-98deu,9650000,Mặt kính Ceramic Schott Ceran (Đức) Công suất mạnh mẽ Hẹn giờ linh hoạt Chế độ làm nóng 1 vùng điều khiển cho cả 2 bếp Nhiều tính năng an toàn Khuyến mãi (Giá và khuyến mãi) Bảo hành tại nhà Miễn phí đổi trả trong vòng 7 ngày nếu phát sinh lỗi từ hãng Miễn phí vận chuyển và lắp đặt tại nhà Giao hàng nhanh từ 24-48 giờ,,,,,,,,,,,,,,,,"['https://locnuocthongminh.com/wp-content/uploads/2023/01/bep-tu-doi-mutosi-mi-98deu_1648196012.png', 'https://locnuocthongminh.com/wp-content/uploads/2023/01/z3289118478521_7882313430e76ec54057c793f28228da1.png']",DM_b-p-t,,Hiển thị
Bếp từ đơn MUTOSI MI-58,SP_b-p-t-n-mutosi-mi-58,9650000,Công suất mạnh mẽ Màn hình LED và điều khiển cảm ứng Kính cường lực Ceramic Đa dạng chế độ nấu Hẹn giờ linh hoạt Khuyến mãi (Giá và khuyến mãi) Bảo hành tại nhà Miễn phí đổi trả trong vòng 7 ngày nếu phát sinh lỗi từ hãng Miễn phí vận chuyển và lắp đặt tại nhà Giao hàng nhanh từ 24-48 giờ,,,,,,,,,,,,,,,,"['https://locnuocthongminh.com/wp-content/uploads/2023/01/bep-tu-mutosi_1585907081.png', 'https://locnuocthongminh.com/wp-content/uploads/2023/01/img_4490_1636351909.jpeg', 'https://locnuocthongminh.com/wp-content/uploads/2023/01/img_4496_1636351945.jpeg', 'https://locnuocthongminh.com/wp-content/uploads/2023/01/img_4498_1636351914.jpeg', 'https://locnuocthongminh.com/wp-content/uploads/2023/01/img_4526_1636351897.jpeg', 'https://locnuocthongminh.com/wp-content/uploads/2023/01/img_4568_1636351932.jpeg', 'https://locnuocthongminh.com/wp-content/uploads/2023/01/img_4580_1636351919.jpeg']",DM_b-p-t,,Hiển thị
,SP_8b261bc7,9650000,Ép chậm – Thưởng trọn Công nghệ ép chậm thông minh Ống tiếp nguyên liệu cực lớn 2 chế độ ép xuôi và đảo ngược Vật liệu an toàn Bảo vệ an toàn kép Khuyến mãi (Giá và khuyến mãi) Bảo hành tại nhà Miễn phí đổi trả trong vòng 7 ngày nếu phát sinh lỗi từ hãng Miễn phí vận chuyển và lắp đặt tại nhà Giao hàng nhanh từ 24-48 giờ,,Máy ép chậm,,1.4L,,,,Trung Quốc,,,,12 tháng,,,,"['https://locnuocthongminh.com/wp-content/uploads/2023/01/may-ep-cham-mj86_1623060330.png', 'https://locnuocthongminh.com/wp-content/uploads/2023/01/mj-86r.png']",DM_m-y-xay,,Hiển thị
,SP_194c0070,9650000,Ép chậm – Thưởng trọn Công nghệ ép chậm thông minh Ống tiếp nguyên liệu cực lớn 2 chế độ ép xuôi và đảo ngược Vật liệu an toàn Bảo vệ an toàn kép Khuyến mãi (Giá và khuyến mãi) Bảo hành tại nhà Miễn phí đổi trả trong vòng 7 ngày nếu phát sinh lỗi từ hãng Miễn phí vận chuyển và lắp đặt tại nhà Giao hàng nhanh từ 24-48 giờ,,Máy ép chậm,,1.4L,,,,Trung Quốc,,,,12 tháng,,,,"['https://locnuocthongminh.com/wp-content/uploads/2023/01/may-ep-cham-mj86_1623060330.png', 'https://locnuocthongminh.com/wp-content/uploads/2023/01/mj-86r.png']",DM_b-n-i-ch-o,,Hiển thị
Nồi áp suất điện Mutosi MIP-59,SP_n-i-p-su-t-i-n-mutosi-mip-59,9650000,"6 chế độ nấu đa dạng Chức năng Hẹn giờ và gợi ý thời gian cho từng chế độ nấu Tiết kiệm thời gian nấu Kết cấu an toàn, tự động ngắt điện khi đạt đến nhiệt độ thiết lập Bộ điều chỉnh nhiệt chính xác, có thể tự động ngắt điện khi nhiệt độ bất thường hoặc nồi trống Khuyến mãi (Giá và khuyến mãi) Bảo hành tại nhà Miễn phí đổi trả trong vòng 7 ngày nếu phát sinh lỗi từ hãng Miễn phí vận chuyển và lắp đặt tại nhà Giao hàng nhanh từ 24-48 giờ",,,,,,,,China (Trung Quốc),,,,12 tháng,,,,"['https://locnuocthongminh.com/wp-content/uploads/2023/01/noi-ap-suat-mutosi_1616727839.png', 'https://locnuocthongminh.com/wp-content/uploads/2023/01/noi-ap-suat-mutosi-2_1616727839.png', 'https://locnuocthongminh.com/wp-content/uploads/2023/01/noi-ap-suat-mutosi-3_1616727838.png', 'https://locnuocthongminh.com/wp-content/uploads/2023/01/noi-ap-suat-mutosi-4_1616727828.png']",DM_n-i-p-su-t,,Hiển thị
Nồi cơm điện điều khiển cơ Mutosi MR-56,SP_n-i-c-m-i-n-i-u-khi-n-c-mutosi-mr-56,9650000,"Lòng nồi siêu dày 2,8mm phủ chống dính Daikin cao cấp Công nghệ gia nhiệt 3 chiều Dung tích lớn 1.8L Khuyến mãi (Giá và khuyến mãi) Bảo hành tại nhà Miễn phí đổi trả trong vòng 7 ngày nếu phát sinh lỗi từ hãng Miễn phí vận chuyển và lắp đặt tại nhà Giao hàng nhanh từ 24-48 giờ",,,,,,,,Trung Quốc,,,,12 tháng,,,,"['https://locnuocthongminh.com/wp-content/uploads/2023/01/1_1648458548.png', 'https://locnuocthongminh.com/wp-content/uploads/2023/01/2_1648458548.png', 'https://locnuocthongminh.com/wp-content/uploads/2023/01/3_1648458548.png']",DM_n-i-c-m-i-n,,Hiển thị
Nồi cơm điện Mutosi MR-12,SP_n-i-c-m-i-n-mutosi-mr-12,9650000,"Thiết kế nhỏ gọn, tinh tế Lòng nồi dày 1.2mm, sơn phủ chống dính chất lượng cao Điều khiển cơ bền bỉ dễ sử dụng Khuyến mãi (Giá và khuyến mãi) Bảo hành tại nhà Miễn phí đổi trả trong vòng 7 ngày nếu phát sinh lỗi từ hãng Miễn phí vận chuyển và lắp đặt tại nhà Giao hàng nhanh từ 24-48 giờ",,,,,,,,,,,,,,,,"['https://locnuocthongminh.com/wp-content/uploads/2023/01/mr-12-do_1648458359.png', 'https://locnuocthongminh.com/wp-content/uploads/2023/01/mr-12-do_1648458314.png']",DM_n-i-c-m-i-n,,Hiển thị
Nồi cơm điện Mutosi MR-16,SP_n-i-c-m-i-n-mutosi-mr-16,9650000,"Công nghệ gia nhiệt thông minh truyền nhiệt nhanh, giúp cơm chín kĩ và thơm ngon hơn Sơn chống dính cao cấp giúp nấu cơm không cháy, dễ dàng vệ sinh lòng nồi, an toàn cho sức khỏe, bền bỉ với thời gian Lòng nồi nhôm chất lượng cao, ủ ấm lâu, thu nhiệt tốt hơn, ít hao tốn điện năng, giúp cơm ngon và mềm hơn Khuyến mãi (Giá và khuyến mãi) Bảo hành tại nhà Miễn phí đổi trả trong vòng 7 ngày nếu phát sinh lỗi từ hãng Miễn phí vận chuyển và lắp đặt tại nhà Giao hàng nhanh từ 24-48 giờ",,,,,,,,China (Trung Quốc),,,,12 tháng,,,,['https://locnuocthongminh.com/wp-content/uploads/2023/01/mr-16_1648458381.png'],DM_n-i-c-m-i-n,,Hiển thị
Nồi cơm điện Mutosi MR-26,SP_n-i-c-m-i-n-mutosi-mr-26,9650000,2 tầng bảo vệ an toàn gấp đôi Công nghệ gia nhiệt thông minh Lòng nồi nhôm đúc sơn phủ 2 mặt Khuyến mãi (Giá và khuyến mãi) Bảo hành tại nhà Miễn phí đổi trả trong vòng 7 ngày nếu phát sinh lỗi từ hãng Miễn phí vận chuyển và lắp đặt tại nhà Giao hàng nhanh từ 24-48 giờ,,,,,,,,,,,,,,,,['https://locnuocthongminh.com/wp-content/uploads/2023/01/mr-26_1648458411.png'],DM_n-i-c-m-i-n,,Hiển thị
Nồi cơm điện Mutosi MR-36PB,SP_n-i-c-m-i-n-mutosi-mr-36pb,9650000,"Lòng niêu dày 1.5mm phủ chống dính cao cấp Mâm nhiệt lớn, công suất 900W Dung tích lớn 2.2L Khuyến mãi (Giá và khuyến mãi) Bảo hành tại nhà Miễn phí đổi trả trong vòng 7 ngày nếu phát sinh lỗi từ hãng Miễn phí vận chuyển và lắp đặt tại nhà Giao hàng nhanh từ 24-48 giờ",900W,,,,,,,,,280x280x265 mm,2.98 kg,24 tháng,,,,"['https://locnuocthongminh.com/wp-content/uploads/2023/01/mr-36-PB.png', 'https://locnuocthongminh.com/wp-content/uploads/2023/01/mr-36-bac.png']",DM_n-i-c-m-i-n,,Hiển thị
Nồi cơm điện Mutosi MR-38,SP_n-i-c-m-i-n-mutosi-mr-38,9650000,Lòng nồi hợp kim nhôm phủ chống dính cao cấp Công suất 1000W Dung tích lớn 2.8L Khuyến mãi (Giá và khuyến mãi) Bảo hành tại nhà Miễn phí đổi trả trong vòng 7 ngày nếu phát sinh lỗi từ hãng Miễn phí vận chuyển và lắp đặt tại nhà Giao hàng nhanh từ 24-48 giờ,1000W,,,,,,,,,,,12 tháng,,,,"['https://locnuocthongminh.com/wp-content/uploads/2023/01/2_1648458198.png', 'https://locnuocthongminh.com/wp-content/uploads/2023/01/3_1647832056.png', 'https://locnuocthongminh.com/wp-content/uploads/2023/01/4_1647832059.png', 'https://locnuocthongminh.com/wp-content/uploads/2023/01/5_1647832066.png', 'https://locnuocthongminh.com/wp-content/uploads/2023/01/6_1647832063.png']",DM_n-i-c-m-i-n,,Hiển thị
,SP_a926601d,9650000,Ép chậm – Thưởng trọn Công nghệ ép chậm thông minh Ống tiếp nguyên liệu cực lớn 2 chế độ ép xuôi và đảo ngược Vật liệu an toàn Bảo vệ an toàn kép Khuyến mãi (Giá và khuyến mãi) Bảo hành tại nhà Miễn phí đổi trả trong vòng 7 ngày nếu phát sinh lỗi từ hãng Miễn phí vận chuyển và lắp đặt tại nhà Giao hàng nhanh từ 24-48 giờ,,Máy ép chậm,,1.4L,,,,Trung Quốc,,,,12 tháng,,,,"['https://locnuocthongminh.com/wp-content/uploads/2023/01/may-ep-cham-mj86_1623060330.png', 'https://locnuocthongminh.com/wp-content/uploads/2023/01/mj-86r.png']",DM_m-y-p-ch-m,,Hiển thị
Máy ép chậm Mutosi MJ-83,SP_m-y-p-ch-m-mutosi-mj-83,9650000,Công nghệ ép chậm thông minh Ống tiếp nguyên liệu cực lớn 2 chế độ ép xuôi và đảo ngược Vật liệu an toàn Bảo vệ an toàn kép Khuyến mãi (Giá và khuyến mãi) Bảo hành tại nhà Miễn phí đổi trả trong vòng 7 ngày nếu phát sinh lỗi từ hãng Miễn phí vận chuyển và lắp đặt tại nhà Giao hàng nhanh từ 24-48 giờ,,,,,,,,,,,,,,,,['https://locnuocthongminh.com/wp-content/uploads/2023/01/MJ83.png'],DM_m-y-p-ch-m,,Hiển thị
Máy hút mùi kính cong MUTOSI MH-73T-70C,SP_m-y-h-t-m-i-k-nh-cong-mutosi-mh-73t-70c,9650000,"Thiết kế cảm ứng cùng màn hình LED hiện thị rõ ràng, dễ sử dụng Motor 3 tốc độ siêu bền, công suất mạnh mẽ Bộ lọc, khử mùi bằng than hoạt tính cho hiệu quả lọc mùi tối ưu Khay lọc inox hứng mỡ thừa dễ dàng vệ sinh Lưới lọc 3 lớp, lọc sạch hiệu quả Bảo hành lên tới 24 tháng Khuyến mãi (Giá và khuyến mãi) Bảo hành tại nhà Miễn phí đổi trả trong vòng 7 ngày nếu phát sinh lỗi từ hãng Miễn phí vận chuyển và lắp đặt tại nhà Giao hàng nhanh từ 24-48 giờ",,,,,,,,China (Trung Quốc),,,,24 tháng (02 năm),,,,"['https://locnuocthongminh.com/wp-content/uploads/2023/01/q5J4-1658476707.png', 'https://locnuocthongminh.com/wp-content/uploads/2023/01/E3Cp-1658476722.png', 'https://locnuocthongminh.com/wp-content/uploads/2023/01/ZMqo-1658476715.png']",DM_m-y-h-t-m-i,,Hiển thị
Máy hút mùi MUTOSI MH-35B-70C,SP_m-y-h-t-m-i-mutosi-mh-35b-70c,9650000,"Motor 3 tốc độ siêu bền, công suất mạnh mẽ Gấp đôi bộ lọc than hoạt tính cho hiệu quả lọc mùi tối ưu Khay lọc inox hứng mỡ thừa dễ dàng vệ sinh Lưới lọc 3 lớp, lọc sạch hiệu quả Hút và khử mùi công suất lớn (600 m3/h) Bảo hành lên tới 24 tháng Khuyến mãi (Giá và khuyến mãi) Bảo hành tại nhà Miễn phí đổi trả trong vòng 7 ngày nếu phát sinh lỗi từ hãng Miễn phí vận chuyển và lắp đặt tại nhà Giao hàng nhanh từ 24-48 giờ",,,,,,,,Trung Quốc,,,,24 tháng,,,,"['https://locnuocthongminh.com/wp-content/uploads/2023/01/may-hut-mui-mutosi-update_1637309625.png', 'https://locnuocthongminh.com/wp-content/uploads/2023/01/hut-mui-mutosi-714x714_1638239454.png']",DM_m-y-h-t-m-i,,Hiển thị
Máy hút mùi MUTOSI MH-55B-70C,SP_m-y-h-t-m-i-mutosi-mh-55b-70c,9650000,"Motor 3 tốc độ siêu bền, công suất mạnh mẽ Gấp đôi bộ lọc than hoạt tính cho hiệu quả lọc mùi tối ưu Khay lọc inox hứng mỡ thừa dễ dàng vệ sinh Lưới lọc 3 lớp, lọc sạch hiệu quả Hút và khử mùi công suất lớn (750m3/h) Bảo hành lên tới 24 tháng Khuyến mãi (Giá và khuyến mãi) Bảo hành tại nhà Miễn phí đổi trả trong vòng 7 ngày nếu phát sinh lỗi từ hãng Miễn phí vận chuyển và lắp đặt tại nhà Giao hàng nhanh từ 24-48 giờ",,,,,,,,Trung Quốc,,,,24 tháng,,,,"['https://locnuocthongminh.com/wp-content/uploads/2023/01/hut-mui-55b714x714_1637648656.png', 'https://locnuocthongminh.com/wp-content/uploads/2023/01/hut-mui-mutosi-55b-714x714_1638239411.png', 'https://locnuocthongminh.com/wp-content/uploads/2023/01/may-hut-mui-mutosi_1638178960.png']",DM_m-y-h-t-m-i,,Hiển thị
,SP_935e1906,9650000,Ép chậm – Thưởng trọn Công nghệ ép chậm thông minh Ống tiếp nguyên liệu cực lớn 2 chế độ ép xuôi và đảo ngược Vật liệu an toàn Bảo vệ an toàn kép Khuyến mãi (Giá và khuyến mãi) Bảo hành tại nhà Miễn phí đổi trả trong vòng 7 ngày nếu phát sinh lỗi từ hãng Miễn phí vận chuyển và lắp đặt tại nhà Giao hàng nhanh từ 24-48 giờ,,Máy ép chậm,,1.4L,,,,Trung Quốc,,,,12 tháng,,,,"['https://locnuocthongminh.com/wp-content/uploads/2023/01/may-ep-cham-mj86_1623060330.png', 'https://locnuocthongminh.com/wp-content/uploads/2023/01/mj-86r.png']",DM_m-y-r-a-b-t,,Hiển thị
Nồi chiên không dầu kiêm hấp Mutosi MF-S102,SP_n-i-chi-n-kh-ng-d-u-ki-m-h-p-mutosi-mf-s102,9650000,3 chế độ nấu vượt trội 6 công thức nấu tự động Vệ sinh tự động Màn hình điều khiển cảm ứng LCD Vật liệu cao cấp Khuyến mãi (Giá và khuyến mãi) Bảo hành tại nhà Miễn phí đổi trả trong vòng 7 ngày nếu phát sinh lỗi từ hãng Miễn phí vận chuyển và lắp đặt tại nhà Giao hàng nhanh từ 24-48 giờ,,,,,,,,,,,,,,,,"['https://locnuocthongminh.com/wp-content/uploads/2023/01/3_1645582964.png', 'https://locnuocthongminh.com/wp-content/uploads/2023/01/5_1645587457.png', 'https://locnuocthongminh.com/wp-content/uploads/2023/01/3_1645587468.png', 'https://locnuocthongminh.com/wp-content/uploads/2023/01/2_1645587465.png']",DM_n-i-chi-n-kh-ng-d-u,,Hiển thị
Nồi chiên không dầu Mutosi MF-88,SP_n-i-chi-n-kh-ng-d-u-mutosi-mf-88,9650000,"Công nghệ Rapid Heatwave lưu thông khí nóng 360 độ Điều chỉnh nhiệt độ linh hoạt, tối đa 200 độ C Hẹn giờ tự động lên đến 60 phút Chức năng tự ngắt khi quá nhiệt, tay cầm chống nóng Thiết kế nút an toàn tránh rơi giỏ chiên khi nhấc ra Khuyến mãi (Giá và khuyến mãi) Bảo hành tại nhà Miễn phí đổi trả trong vòng 7 ngày nếu phát sinh lỗi từ hãng Miễn phí vận chuyển và lắp đặt tại nhà Giao hàng nhanh từ 24-48 giờ",,,,,,,,,,,,,,,,"['https://locnuocthongminh.com/wp-content/uploads/2023/01/untitled-1_1621495660.png', 'https://locnuocthongminh.com/wp-content/uploads/2023/01/4_1621495794.png']",DM_n-i-chi-n-kh-ng-d-u,,Hiển thị
Nồi chiên không dầu MUTOSI MF-98C,SP_n-i-chi-n-kh-ng-d-u-mutosi-mf-98c,9650000,"Công nghệ Rapid Air 360* Tích hợp 6+ thiết bị trong 1 Mặt kính 2 lớp trong suốt, dày dặn Thể tích lớn 12 lít Vật liệu cao cấp Khuyến mãi (Giá và khuyến mãi) Bảo hành tại nhà Miễn phí đổi trả trong vòng 7 ngày nếu phát sinh lỗi từ hãng Miễn phí vận chuyển và lắp đặt tại nhà Giao hàng nhanh từ 24-48 giờ",1500W.,,,12 lít.,,,,,,"37,5 x 34,5 x 41 cm.",,12 tháng.,,,,"['https://locnuocthongminh.com/wp-content/uploads/2023/01/1_1645583024.png', 'https://locnuocthongminh.com/wp-content/uploads/2023/01/mf-98c_1633485631.jpg', 'https://locnuocthongminh.com/wp-content/uploads/2023/01/mutosi-mf-98c-13_1633361793.jpg']",DM_n-i-chi-n-kh-ng-d-u,,Hiển thị
Nồi chiên không dầu Mutosi MF-99D,SP_n-i-chi-n-kh-ng-d-u-mutosi-mf-99d,9650000,"Công nghệ Rapid Air 360* 8 chế độ nấu tự động chuyên sâu Màn hình LED cảm ứng Phụ kiện 7 món đa năng, tiện lợi Mặt kính 2 lớp trong suốt, dày dặn Thể tích lớn 12 lít Vật liệu cao cấp Khuyến mãi (Giá và khuyến mãi) Bảo hành tại nhà Miễn phí đổi trả trong vòng 7 ngày nếu phát sinh lỗi từ hãng Miễn phí vận chuyển và lắp đặt tại nhà Giao hàng nhanh từ 24-48 giờ",,,,,,,,China (Trung Quốc),,,,24 tháng (02 năm),,,,"['https://locnuocthongminh.com/wp-content/uploads/2023/01/2_1641970289.png', 'https://locnuocthongminh.com/wp-content/uploads/2023/01/4_1641970310.png', 'https://locnuocthongminh.com/wp-content/uploads/2023/01/3_1641970295.png', 'https://locnuocthongminh.com/wp-content/uploads/2023/01/1_1641970302.png']",DM_n-i-chi-n-kh-ng-d-u,,Hiển thị
Máy Lọc Không Khí Mutosi MAP-801H-UV,SP_m-y-l-c-kh-ng-kh-mutosi-map-801h-uv,9650000,"Công nghệ lọc tĩnh điện tiêu diệt trên 99,84% vi khuẩn, ngăn sự khuếch tán vi khuẩn ngược ở các màng lọc thông thường. Bộ thu tĩnh điện dễ dàng vệ sinh, không cần thay thế, tiết kiệm chi phí thay màng lọc. Cảm biến thông minh, điều khiển cảm ứng hiện đại. Hiển thị cảnh báo chất lượng không khí thông minh. Khuyến mãi (Giá và khuyến mãi) Bảo hành tại nhà Miễn phí đổi trả trong vòng 7 ngày nếu phát sinh lỗi từ hãng Miễn phí vận chuyển và lắp đặt tại nhà Giao hàng nhanh từ 24-48 giờ",,,,,,,,Trung Quốc,,39 x 23.4 x 51.4 cm,,24 tháng,,,,"['https://locnuocthongminh.com/wp-content/uploads/2023/01/mp-801-1-chinh-dien_1595382896.png', 'https://locnuocthongminh.com/wp-content/uploads/2023/01/map-801_1595382887.png', 'https://locnuocthongminh.com/wp-content/uploads/2023/01/mp-801-mat-dinh-nghieng-phai_1595382910.png', 'https://locnuocthongminh.com/wp-content/uploads/2023/01/mp-801-nghieng-phai_1595382898.png', 'https://locnuocthongminh.com/wp-content/uploads/2023/01/mp-801-nghieng-trai_1595382900.png']",DM_ch-m-s-c-kh,,Hiển thị
Máy lọc không khí ô tô Mutosi MAP-301C,SP_m-y-l-c-kh-ng-kh-t-mutosi-map-301c,9650000,"Ion âm và Oxy hoạt hóa giúp loại bỏ mùi hôi nhanh chóng, trung hòa và phân hủy các chất độc hại Bộ lọc Plasma dễ dàng vệ sinh, tuổi thọ vĩnh cửu không cần thay thế, tiết kiệm phí Thiết kế tinh gọn, hiện đại phù hợp với nội thất ô tô sang trọng Tích hợp quạt gió lưu thông và làm sạch không khí nhanh chóng Khuyến mãi (Giá và khuyến mãi) Bảo hành tại nhà Miễn phí đổi trả trong vòng 7 ngày nếu phát sinh lỗi từ hãng Miễn phí vận chuyển và lắp đặt tại nhà Giao hàng nhanh từ 24-48 giờ",,,,,,,,,,,,,,,,"['https://locnuocthongminh.com/wp-content/uploads/2023/01/MAP-301.png', 'https://locnuocthongminh.com/wp-content/uploads/2023/01/MAP-301-1.png', 'https://locnuocthongminh.com/wp-content/uploads/2023/01/MAP-301C-1.png', 'https://locnuocthongminh.com/wp-content/uploads/2023/01/mlkk-301-01_1595383175-1.png']",DM_ch-m-s-c-kh,,Hiển thị
Máy sưởi điều hòa ceramic Mutosi MCH-2000,SP_m-y-s-i-i-u-h-a-ceramic-mutosi-mch-2000,9650000,"Công nghệ sưởi gốm Ceramic Màn hình LED hiện đại Công suất 2000W Tích hợp nhiều chế độ tiện ích: Chức năng đảo chiều gió, hẹn giờ tới 24 tiếng, điều khiển từ xa Bảo vệ toàn diện: Chống nước, tự động ngắt khi quá nhiệt Khuyến mãi (Giá và khuyến mãi) Bảo hành tại nhà Miễn phí đổi trả trong vòng 7 ngày nếu phát sinh lỗi từ hãng Miễn phí vận chuyển và lắp đặt tại nhà Giao hàng nhanh từ 24-48 giờ",,,,,,,,China (Trung Quốc),,,,12 tháng,,,,['https://locnuocthongminh.com/wp-content/uploads/2023/01/1_1637060846.png'],DM_ch-m-s-c-kh,,Hiển thị
,SP_87609c56,9650000,Ép chậm – Thưởng trọn Công nghệ ép chậm thông minh Ống tiếp nguyên liệu cực lớn 2 chế độ ép xuôi và đảo ngược Vật liệu an toàn Bảo vệ an toàn kép Khuyến mãi (Giá và khuyến mãi) Bảo hành tại nhà Miễn phí đổi trả trong vòng 7 ngày nếu phát sinh lỗi từ hãng Miễn phí vận chuyển và lắp đặt tại nhà Giao hàng nhanh từ 24-48 giờ,,Máy ép chậm,,1.4L,,,,Trung Quốc,,,,12 tháng,,,,"['https://locnuocthongminh.com/wp-content/uploads/2023/01/may-ep-cham-mj86_1623060330.png', 'https://locnuocthongminh.com/wp-content/uploads/2023/01/mj-86r.png']",DM_m-y-h-t-b-i,,Hiển thị
Hệ thống lọc tổng Mutosi MP-WH102U,SP_h-th-ng-l-c-t-ng-mutosi-mp-wh102u,9650000,Bảo hành tại nhà Miễn phí đổi trả trong vòng 7 ngày nếu phát sinh lỗi từ hãng Miễn phí vận chuyển và lắp đặt tại nhà Giao hàng nhanh từ 24-48 giờ,,,,,,,,,,,,,,,,['https://locnuocthongminh.com/wp-content/uploads/2023/01/MP-WH102U.png'],DM_ch-m-s-c-m-i-tr-ng,,Hiển thị
Hệ thống lọc tổng Mutosi xử lý Nguồn nước cứng MT074-2,SP_h-th-ng-l-c-t-ng-mutosi-x-l-ngu-n-n-c-c-ng-mt074-2,9650000,Bảo hành tại nhà Miễn phí đổi trả trong vòng 7 ngày nếu phát sinh lỗi từ hãng Miễn phí vận chuyển và lắp đặt tại nhà Giao hàng nhanh từ 24-48 giờ,,,,,,,,,,,,,,,,['https://locnuocthongminh.com/wp-content/uploads/2023/01/mt074-2_1640771700.png'],DM_ch-m-s-c-m-i-tr-ng,,Hiển thị
Hệ thống xử lý Nguồn nước nhiễm Kim loại nặng tạp chất hữu cơ và đá vôi MT075-3,SP_h-th-ng-x-l-ngu-n-n-c-nhi-m-kim-lo-i-n-ng-t-p-ch-t-h-u-c-v-v-i-mt075-3,9650000,Bảo hành tại nhà Miễn phí đổi trả trong vòng 7 ngày nếu phát sinh lỗi từ hãng Miễn phí vận chuyển và lắp đặt tại nhà Giao hàng nhanh từ 24-48 giờ,,,,,,,,,,,,,,,,['https://locnuocthongminh.com/wp-content/uploads/2023/01/mt075-3_16407719671.png'],DM_ch-m-s-c-m-i-tr-ng,,Hiển thị
Hệ thống xử lý Nước nhiễm đá vôi MT043-1,SP_h-th-ng-x-l-n-c-nhi-m-v-i-mt043-1,9650000,Bảo hành tại nhà Miễn phí đổi trả trong vòng 7 ngày nếu phát sinh lỗi từ hãng Miễn phí vận chuyển và lắp đặt tại nhà Giao hàng nhanh từ 24-48 giờ,,,,,,,,,,,,,,,,['https://locnuocthongminh.com/wp-content/uploads/2023/01/mt043-1_1640772413.png'],DM_ch-m-s-c-m-i-tr-ng,,Hiển thị
Hệ thống xử lý nước nhiễm tạp chất hữu cơ kim loại nặng mức độ nhẹ MT012-1,SP_h-th-ng-x-l-n-c-nhi-m-t-p-ch-t-h-u-c-kim-lo-i-n-ng-m-c-nh-mt012-1,9650000,Bảo hành tại nhà Miễn phí đổi trả trong vòng 7 ngày nếu phát sinh lỗi từ hãng Miễn phí vận chuyển và lắp đặt tại nhà Giao hàng nhanh từ 24-48 giờ,,,,,,,,,,,,,,,,['https://locnuocthongminh.com/wp-content/uploads/2023/01/mt012-1_1640770404.png'],DM_ch-m-s-c-m-i-tr-ng,,Hiển thị
Hệ thống xử lý nước nhiễm tạp chất hữu cơ MT011-1,SP_h-th-ng-x-l-n-c-nhi-m-t-p-ch-t-h-u-c-mt011-1,9650000,Bảo hành tại nhà Miễn phí đổi trả trong vòng 7 ngày nếu phát sinh lỗi từ hãng Miễn phí vận chuyển và lắp đặt tại nhà Giao hàng nhanh từ 24-48 giờ,,,,,,,,,,,,,,,,['https://locnuocthongminh.com/wp-content/uploads/2023/01/mt011-1_1640770036.png'],DM_ch-m-s-c-m-i-tr-ng,,Hiển thị
